{"mem": 9.255745887756348, "ellipse_time": 1656.4732630252838, "num_GS": 4963717}