{"mem": 7.772202491760254, "ellipse_time": 262.93975734710693, "num_GS": 3952486}