profile,Memset | Total Time (ns),Memset | Instances,Memset | Bandwidth (GB/s),HtoD | Total Time (ns),HtoD | Instances,HtoD | Bandwidth (GB/s),DtoH | Total Time (ns),DtoH | Instances,DtoH | Bandwidth (GB/s),DtoD | Total Time (ns),DtoD | Instances,DtoD | Bandwidth (GB/s)
profile_gsplat_os-1_efc-False_eic-False,416905019.0,363890.0,77.12959744435219,22012289373.0,150364.0,17.94871611476339,1632791710.0,91350.0,4.612216493921322,352372246.0,152388.0,100.54247426739732
profile_gsplat_os-1_efc-False_eic-True,432145479.0,363890.0,74.75343292900675,338548464.0,1169.0,14.712655816391475,2642960195.0,91350.0,2.8493765703497473,353115986.0,152388.0,100.33070968358821
profile_gsplat_os-1_efc-True_eic-False,1349656268.0,1293890.0,31.138004261096793,21134314416.0,150364.0,18.694352947304047,2256308874.0,481350.0,3.338310167901241,305977638.0,212388.0,57.904551691453996
profile_gsplat_os-1_efc-True_eic-True,1377247357.0,1293890.0,30.493657722808027,328591823.0,1169.0,15.158463112455479,2734591591.0,481350.0,2.754436487258254,309922019.0,212388.0,57.166138544031625
profile_gsplat_os-4_efc-False_eic-False,416516776.0,363890.0,75.38844270704716,22090441385.0,150364.0,17.885216782507488,2421102734.0,91350.0,3.1104788533934222,350527229.0,152388.0,101.07168443681732
profile_gsplat_os-4_efc-False_eic-True,437729205.0,363890.0,71.69712480116559,341256322.0,1169.0,14.595911363072124,1445387546.0,91350.0,5.210221214954346,350701901.0,152388.0,101.02134426696477
profile_gsplat_os-4_efc-True_eic-False,1368389232.0,1293890.0,30.07579282091281,20872862640.0,150364.0,18.92851688847218,2518833588.0,481350.0,2.9903757405350273,308259188.0,212388.0,57.447462075323436
profile_gsplat_os-4_efc-True_eic-True,1348137170.0,1293890.0,30.46855797322167,363047046.0,1169.0,13.719839020532891,3322986416.0,481350.0,2.266713706602164,308944791.0,212388.0,57.32062732205121
