{"mem": 2.197516441345215, "ellipse_time": 622.9165949821472, "num_GS": 120954}