{"mem": 2.128726005554199, "ellipse_time": 149.47598695755005, "num_GS": 68216}