{"mem": 3.137639045715332, "ellipse_time": 183.10930848121643, "num_GS": 778998}