{"mem": 3.448457717895508, "ellipse_time": 828.0507414340973, "num_GS": 995481}