{"mem": 2.2987446784973145, "ellipse_time": 725.2156097888947, "num_GS": 162883}