{"mem": 2.269859790802002, "ellipse_time": 173.9585783481598, "num_GS": 140528}