{"mem": 2.5226364135742188, "ellipse_time": 159.34684133529663, "num_GS": 311425}