{"mem": 2.733889102935791, "ellipse_time": 675.1921036243439, "num_GS": 435263}