{"mem": 2.270054340362549, "ellipse_time": 172.29339146614075, "num_GS": 139543}