{"mem": 1.419771671295166, "ellipse_time": 159.3409504890442, "num_GS": 22031}