{"mem": 0.7816953659057617, "ellipse_time": 674.7385241985321, "num_GS": 433050}