{"mem": 0.5703697204589844, "ellipse_time": 159.46403002738953, "num_GS": 309140}