{"mem": 0.32140064239501953, "ellipse_time": 199.4789297580719, "num_GS": 140743}