{"mem": 0.3481779098510742, "ellipse_time": 841.5299799442291, "num_GS": 161006}