{"mem": 5.8567585945129395, "ellipse_time": 309.571902513504, "num_GS": 3975263}