{"mem": 7.319902420043945, "ellipse_time": 1800.0946464538574, "num_GS": 4972313}