{"mem": 4.19651985168457, "ellipse_time": 226.92398381233215, "num_GS": 139410}