{"mem": 4.19651985168457, "ellipse_time": 935.3728840351105, "num_GS": 132731}