{"mem": 4.937924861907959, "ellipse_time": 228.73405051231384, "num_GS": 226755}