{"mem": 5.244076251983643, "ellipse_time": 216.4748499393463, "num_GS": 92394}