{"mem": 5.244076251983643, "ellipse_time": 912.4904675483704, "num_GS": 90048}