{"mem": 1.4962172508239746, "ellipse_time": 938.1392374038696, "num_GS": 992819}