{"mem": 1.2008190155029297, "ellipse_time": 209.09683656692505, "num_GS": 786954}