{"mem": 5.0816497802734375, "ellipse_time": 230.96913290023804, "num_GS": 151966}